{
  "new_map": [
    -0.826223664449839,
    0.14459658212073817,
    -0.18528545160966278,
    0.9826835751731299
  ],
  "final_map": [
    -0.3885149663940509,
    -0.21394573550215923,
    0.14089087702599146,
    0.9900242220598693
  ],
  "map": [
    -0.02616300737658106,
    -0.07997828610786506,
    -0.00036339913211423154,
    0.9999999338185059
  ]
}