{
  "2": [
    0.00018555451052074123,
    0.037567132655333284,
    0.002277878156723404,
    0.9999974041814307
  ],
  "1": [
    -0.7860207625356171,
    -0.07530329544294002,
    0.12801904678045245,
    0.9917709673761483
  ],
  "3": [
    1.0871674550204968,
    -1.8086907273896724,
    -0.6368151046791772,
    0.7710164632650377
  ],
  "4": [
    0.1635988177779625,
    -3.2118623388548073,
    0.9996823210767425,
    0.02520428963447667
  ]
}